<?xml version="1.0" encoding="UTF-8"?>
<!DOCTYPE bookstore SYSTEM "bookstore.dtd">
<bookstore>
    <book>
        <title>Macbeth</title>
        <author>William Shakespeare</author>
        <year>1982</year>
        <price>50</price>
    </book>
    <book>
        <title>The Pragmatic Programmer</title>
        <author>Andrew Hunt</author>
        <year>1999</year>
        <!-- No price for this book -->
    </book>
    <book>
        <title>Introduction to Algorithms</title>
        <author>Thomas H. Cormen</author>
        <year>2004</year>
        <price>100</price>
    </book>
</bookstore>
