<?xml version="1.0" encoding="UTF-8"?>
<!DOCTYPE employees SYSTEM "employees.dtd">
<employees>
    <employee>
        <name>Anbarasan</name>
        <id>101</id>
        <department>HR</department>
        <address>Main St, Madurai</address>
    </employee>
    <employee>
        <name>Rohan kumar</name>
        <id>102</id>
        <department>Finance</department>
        <!-- Optional address not provided -->
    </employee>
    <employee>
        <name>Tejeshwar</name>
        <id>103</id>
        <department>IT</department>
        <address>South street, Chennai</address>
    </employee>
</employees>