<?xml version="1.0" encoding="UTF-8"?>
<!DOCTYPE inventory SYSTEM "inventory.dtd">

<inventory>
    <product id="P001">
        <name>Laptop</name>
        <category>Electronics</category>
        <price>40000</price>
        <description>15-inch display, 8GB RAM</description>
        <stockQuantity>50</stockQuantity>
    </product>
    <product id="P002">
        <name>Smartphone</name>
        <category>Electronics</category>
        <price>25000</price>
        <stockQuantity>120</stockQuantity>
    </product>
    <product id="P003">
        <name>Desk Chair</name>
        <category>Furniture</category>
        <price>15000</price>
        <description>Ergonomic design</description>
    </product>
</inventory>