<?xml version="1.0" encoding="UTF-8"?>
<!DOCTYPE recipeBook SYSTEM "recipe.dtd">
<recipeBook>
    <recipe>
        <title>Chocolate Cake</title>
        <ingredients>
            <ingredient quantity="2" unit="cups">Flour</ingredient>
            <ingredient quantity="1" unit="cup">Sugar</ingredient>
            <ingredient quantity="200" unit="grams">Butter</ingredient>
        </ingredients>
        <instructions>
            <instruction>Preheat the oven to 350°F (175°C).</instruction>
            <instruction>Mix flour, sugar, and butter.</instruction>
            <instruction>Bake for 30 minutes.</instruction>
        </instructions>
    </recipe>

    <recipe>
        <title>Pancakes</title>
        <ingredients>
            <ingredient quantity="1" unit="cup">Flour</ingredient>
            <ingredient quantity="1" unit="cup">Milk</ingredient>
            <ingredient quantity="1" unit="piece">Egg</ingredient>
        </ingredients>
        <instructions>
            <instruction>Mix flour, milk, and egg.</instruction>
            <instruction>Cook on a hot pan for 2 minutes on each side.</instruction>
        </instructions>
    </recipe>
</recipeBook>