<?xml version="1.0" encoding="UTF-8"?>
<!DOCTYPE catalog [
    <!ELEMENT catalog (movie+)>
    <!ELEMENT movie (title, director, genre, releaseYear)>

    <!ELEMENT title (#PCDATA)>
    <!ELEMENT director (#PCDATA)>
    <!ELEMENT genre (#PCDATA)>
    <!ELEMENT releaseYear (#PCDATA)>

    <!ATTLIST releaseYear pattern CDATA #FIXED "[0-9]{4}">
]>
<catalog>
    <movie>
        <title>Inception</title>
        <director>Christopher Nolan</director>
        <genre>Sci-Fi</genre>
        <releaseYear>2010</releaseYear>
    </movie>
    <movie>
        <title>The Godfather</title>
        <director>Francis Ford Coppola</director>
        <genre>Crime</genre>
        <releaseYear>1972</releaseYear>
    </movie>
    <movie>
        <title>Interstellar</title>
        <director>Christopher Nolan</director>
        <genre>Adventure</genre>
        <releaseYear>2014</releaseYear>
    </movie>
</catalog>